{"_wandb":{"runtime":24210},"icm_loss":0.27726538270235485,"instrinsic_reward":5.545964716171065,"_runtime":24208.958723079,"total_loss":39.028268332962035,"_timestamp":1.7456280764092355e+09,"extrinsic reward":1.5208703374777974,"total_reward":15914.51254081722,"q_loss":38.751002950259675,"_step":499}