{"total_reward":740.6070023223758,"_wandb":{"runtime":523},"q_loss":1.4479163906923154,"total_loss":1.6958613633746054,"_timestamp":1.7456038051484463e+09,"instrinsic_reward":0.06837807710214361,"extrinsic reward":8.963414634146341,"_runtime":468.963523411,"_step":108,"icm_loss":0.24794497268228996}